d_k,scaled,mean_max_weight,mean_entropy,grad_norm_q,grad_norm_k
4,False,0.4724082350730896,1.4904515743255615,0.17254456877708435,0.16047419607639313
4,True,0.28536731004714966,1.8962244987487793,0.04901591315865517,0.052781734615564346
16,False,0.8343828320503235,0.4404127895832062,0.19661441445350647,0.22797204554080963
16,True,0.46983811259269714,1.5174275636672974,0.08282079547643661,0.09365442395210266
64,False,0.8241342902183533,0.5253050923347473,0.4892497956752777,0.5210148096084595
64,True,0.28273800015449524,1.849733829498291,0.030679577961564064,0.03520198166370392
256,False,0.9942165613174438,0.029602643102407455,0.17597411572933197,0.18899671733379364
256,True,0.3679583668708801,1.725609540939331,0.039396654814481735,0.04156690835952759
