d_k,scaled,max_weight_mean,max_weight_std,entropy_mean,entropy_std
4,False,0.5107472687959671,0.0998522075828044,1.348392367362976,0.2165707600188782
4,True,0.32431309670209885,0.05843915362060012,1.7921841442584991,0.09796771212970859
16,False,0.7641977444291115,0.06650312197747014,0.6375188641250134,0.15834421194533252
16,True,0.37780001387000084,0.0589891736094565,1.6919702589511871,0.10525065606634662
64,False,0.8579188883304596,0.04524035506422044,0.35201115999370813,0.1214496047416575
64,True,0.3585498742759228,0.04259820508143551,1.7082531303167343,0.07789574824129554
256,False,0.9087427407503128,0.06015403251565917,0.21399714099243283,0.12495190790992229
256,True,0.3406352549791336,0.03242435043849135,1.7361963391304016,0.05340782125101541
